[{"model": "contenttypes.contenttype", "pk": 1, "fields": {"app_label": "admin", "model": "logentry"}}, {"model": "contenttypes.contenttype", "pk": 2, "fields": {"app_label": "auth", "model": "permission"}}, {"model": "contenttypes.contenttype", "pk": 3, "fields": {"app_label": "auth", "model": "group"}}, {"model": "contenttypes.contenttype", "pk": 4, "fields": {"app_label": "contenttypes", "model": "contenttype"}}, {"model": "contenttypes.contenttype", "pk": 5, "fields": {"app_label": "sessions", "model": "session"}}, {"model": "contenttypes.contenttype", "pk": 6, "fields": {"app_label": "sites", "model": "site"}}, {"model": "contenttypes.contenttype", "pk": 7, "fields": {"app_label": "south", "model": "migrationhistory"}}, {"model": "contenttypes.contenttype", "pk": 8, "fields": {"app_label": "sad", "model": "user"}}, {"model": "contenttypes.contenttype", "pk": 9, "fields": {"app_label": "params", "model": "person"}}, {"model": "contenttypes.contenttype", "pk": 11, "fields": {"app_label": "space", "model": "solution"}}, {"model": "contenttypes.contenttype", "pk": 12, "fields": {"app_label": "space", "model": "association"}}, {"model": "contenttypes.contenttype", "pk": 13, "fields": {"app_label": "space", "model": "enterprise"}}, {"model": "contenttypes.contenttype", "pk": 14, "fields": {"app_label": "space", "model": "headquar"}}, {"model": "contenttypes.contenttype", "pk": 15, "fields": {"app_label": "sad", "model": "access"}}, {"model": "contenttypes.contenttype", "pk": 16, "fields": {"app_label": "sad", "model": "module"}}, {"model": "contenttypes.contenttype", "pk": 17, "fields": {"app_label": "sad", "model": "menu"}}, {"model": "contenttypes.contenttype", "pk": 18, "fields": {"app_label": "sad", "model": "userenterprise"}}, {"model": "contenttypes.contenttype", "pk": 19, "fields": {"app_label": "sad", "model": "userheadquar"}}, {"model": "contenttypes.contenttype", "pk": 20, "fields": {"app_label": "sad", "model": "userassociation"}}, {"model": "contenttypes.contenttype", "pk": 21, "fields": {"app_label": "sad", "model": "ticket"}}, {"model": "contenttypes.contenttype", "pk": 22, "fields": {"app_label": "sad", "model": "backup"}}, {"model": "contenttypes.contenttype", "pk": 23, "fields": {"app_label": "flatpages", "model": "flatpage"}}, {"model": "contenttypes.contenttype", "pk": 55, "fields": {"app_label": "mod_backend", "model": "dashboard"}}, {"model": "contenttypes.contenttype", "pk": 56, "fields": {"app_label": "accounts", "model": "profile"}}, {"model": "contenttypes.contenttype", "pk": 100, "fields": {"app_label": "tempapp", "model": "tempc"}}, {"model": "contenttypes.contenttype", "pk": 101, "fields": {"app_label": "sad", "model": "userstatus"}}, {"model": "sessions.session", "pk": "51wf3fw3se68tzn2bshptn6n5rs9pheb", "fields": {"session_data": "OTJlMWUyMjUwNTZmMjExNDBiMGFiNTI5MDZlMGIzNzIwOTY4MzUwYzp7ImFzc29jaWF0aW9uX2lkIjoxLCJfYXV0aF91c2VyX2lkIjoiMSIsIl9hdXRoX3VzZXJfaGFzaCI6IjFkYTI0ZjVmNGU4ZGY4MTZjMzA1ZmJiNDYxMTdiMTIwMDRlMGRjN2IiLCJlbnRlcnByaXNlX2lkIjoxLCJoZWFkcXVhcl9pZCI6MSwiX2F1dGhfdXNlcl9iYWNrZW5kIjoiZGphbmdvLmNvbnRyaWIuYXV0aC5iYWNrZW5kcy5Nb2RlbEJhY2tlbmQiLCJfbGFuZ3VhZ2UiOiJlcyJ9", "expire_date": "2016-09-22T21:08:49.442Z"}}, {"model": "sessions.session", "pk": "6x9r62uhcpxkdapqw25yhj8ou30k743o", "fields": {"session_data": "NzJmYjY1YjdjMGY1ZTViNzNiMjk5ZTAwNzhlMTljN2ZlNDkyMzk2ZDp7ImFzc29jaWF0aW9uX2lkIjoxLCJlbnRlcnByaXNlX2lkIjoxLCJfYXV0aF91c2VyX2JhY2tlbmQiOiJkamFuZ28uY29udHJpYi5hdXRoLmJhY2tlbmRzLk1vZGVsQmFja2VuZCIsImhlYWRxdWFyX2lkIjoxLCJfYXV0aF91c2VyX2hhc2giOiIxZGEyNGY1ZjRlOGRmODE2YzMwNWZiYjQ2MTE3YjEyMDA0ZTBkYzdiIiwiX2F1dGhfdXNlcl9pZCI6IjEiLCJfc2Vzc2lvbl9leHBpcnkiOjB9", "expire_date": "2016-04-12T21:47:32.812Z"}}, {"model": "sessions.session", "pk": "a1vicidhpp01ws13gr3r1c5nrspmayhk", "fields": {"session_data": "ODQ0NWNmN2IwM2ZhOTExOWU2Y2U5OWI3M2JkZTU5N2I5Y2VkOTkyZjp7Il9hdXRoX3VzZXJfaGFzaCI6IjFkYTI0ZjVmNGU4ZGY4MTZjMzA1ZmJiNDYxMTdiMTIwMDRlMGRjN2IiLCJlbnRlcnByaXNlX2lkIjoyLCJfYXV0aF91c2VyX2JhY2tlbmQiOiJkamFuZ28uY29udHJpYi5hdXRoLmJhY2tlbmRzLk1vZGVsQmFja2VuZCIsImFzc29jaWF0aW9uX2lkIjoyLCJfc2Vzc2lvbl9leHBpcnkiOjAsImhlYWRxdWFyX2lkIjoyLCJfYXV0aF91c2VyX2lkIjoiMSJ9", "expire_date": "2016-10-14T17:03:58.357Z"}}, {"model": "sessions.session", "pk": "ecj21qkqs4ue3m7v0beqfvxwq4ign2o0", "fields": {"session_data": "ZTk4NWE1MmVhYzI4Yjk0MDg0NDI1YmM5ZWExY2RlZTNkMTk4ZWQ1ZTp7Il9hdXRoX3VzZXJfaGFzaCI6ImQ1N2JiNjkxYzhjZGM0YWUzNjI5ZmVlYjg5MDU5NWIzNTBlNDRhOGUiLCJfYXV0aF91c2VyX2JhY2tlbmQiOiJkamFuZ28uY29udHJpYi5hdXRoLmJhY2tlbmRzLk1vZGVsQmFja2VuZCIsIl9hdXRoX3VzZXJfaWQiOjF9", "expire_date": "2014-10-09T11:52:40.096Z"}}, {"model": "sessions.session", "pk": "fxiwjwg9shn9e6ff57wutiqlw2i4dvb2", "fields": {"session_data": "MWRlOThhZTExZDY0MjVhMDE5OWU5ZTk4ZWExMzRlNzRjZmVlZTZkOTp7Il9hdXRoX3VzZXJfaGFzaCI6IjFkYTI0ZjVmNGU4ZGY4MTZjMzA1ZmJiNDYxMTdiMTIwMDRlMGRjN2IiLCJfYXV0aF91c2VyX2lkIjoiMSIsImFzc29jaWF0aW9uX2lkIjoxLCJoZWFkcXVhcl9pZCI6MSwiX2F1dGhfdXNlcl9iYWNrZW5kIjoiZGphbmdvLmNvbnRyaWIuYXV0aC5iYWNrZW5kcy5Nb2RlbEJhY2tlbmQiLCJfc2Vzc2lvbl9leHBpcnkiOjAsImVudGVycHJpc2VfaWQiOjF9", "expire_date": "2016-09-28T00:21:33.141Z"}}, {"model": "sessions.session", "pk": "hwajewvs9ryeort36e18v1cvthk6dlk3", "fields": {"session_data": "ZGJkZDQ5MDhkNDkxMTg2NmZiZmIyNDk1YzM3MjliNDdiMjcwOTVmMTp7Il9zZXNzaW9uX2V4cGlyeSI6MCwiYXNzb2NpYXRpb25faWQiOjIsIl9hdXRoX3VzZXJfaGFzaCI6ImQwZWRhZTUwMGFlZGUzNGIyNjhkN2M2OWIzMWU2MzEzOTQxMTc3MDkiLCJlbnRlcnByaXNlX2lkIjoyLCJfYXV0aF91c2VyX2JhY2tlbmQiOiJkamFuZ28uY29udHJpYi5hdXRoLmJhY2tlbmRzLk1vZGVsQmFja2VuZCIsIl9hdXRoX3VzZXJfaWQiOiIyIiwiaGVhZHF1YXJfaWQiOjJ9", "expire_date": "2016-10-14T06:32:30.319Z"}}, {"model": "sessions.session", "pk": "jinhmhm5a4d7wrfessk4zgqmhhk7sdy6", "fields": {"session_data": "OGNmNzMwOTZhMTk5OWFjZDI1OTc1YmI4NjQ1NzQzYmM0MGYxZDRiYTp7Il9hdXRoX3VzZXJfYmFja2VuZCI6ImRqYW5nby5jb250cmliLmF1dGguYmFja2VuZHMuTW9kZWxCYWNrZW5kIiwiX3Nlc3Npb25fZXhwaXJ5IjowLCJfYXV0aF91c2VyX2hhc2giOiIxZGEyNGY1ZjRlOGRmODE2YzMwNWZiYjQ2MTE3YjEyMDA0ZTBkYzdiIiwiX2xhbmd1YWdlIjoiZXMiLCJfYXV0aF91c2VyX2lkIjoiMSJ9", "expire_date": "2016-10-14T04:50:23.255Z"}}, {"model": "sessions.session", "pk": "o0nvmrw8vaquojj2dn4av7j0pmyo7ymz", "fields": {"session_data": "NjNiOGIxODhkMTc4ZTQ3ZTAxZjgyMTVhZTU2MTM3ZTdkYzE1MDRjNzp7Il9hdXRoX3VzZXJfaWQiOiIxIiwiX2F1dGhfdXNlcl9oYXNoIjoiMWRhMjRmNWY0ZThkZjgxNmMzMDVmYmI0NjExN2IxMjAwNGUwZGM3YiIsIl9zZXNzaW9uX2V4cGlyeSI6MCwiYXNzb2NpYXRpb25faWQiOjEsIl9hdXRoX3VzZXJfYmFja2VuZCI6ImRqYW5nby5jb250cmliLmF1dGguYmFja2VuZHMuTW9kZWxCYWNrZW5kIiwiaGVhZHF1YXJfaWQiOjEsImVudGVycHJpc2VfaWQiOjF9", "expire_date": "2016-04-12T21:31:59.719Z"}}, {"model": "sessions.session", "pk": "sofiya3va6z3ic7px8yr71w3jovsmozs", "fields": {"session_data": "NGEyZDVmNzk0YjhjMTBhZTBiNzkzZWY4NzNlOWUxYWRmZTI0NjFlNjp7InRlc3Rjb29raWUiOiJ3b3JrZWQifQ==", "expire_date": "2016-10-12T16:56:49.369Z"}}, {"model": "sites.site", "pk": 1, "fields": {"domain": "localhost:8000", "name": "localhost:8000"}}, {"model": "params.person", "pk": 1, "fields": {"identity_type": "NID", "identity_num": "76456716", "first_name": "Rusbel Neftali", "last_name": "Ccana Yucra", "birth_date": "2016-09-07", "photo": "persons/default.png"}}, {"model": "space.solution", "pk": 1, "fields": {"name": "Shomware Ultimate", "description": "Limitado para ventas", "price": null, "is_active": true, "created_at": "2013-10-31T04:52:44Z", "updated_at": "2013-11-13T05:03:19Z", "test_image": "test_images/default.png", "test_date": null}}, {"model": "space.solution", "pk": 2, "fields": {"name": "Shomware Basic", "description": "Backend + Ventas", "price": null, "is_active": true, "created_at": "2013-10-31T04:53:33Z", "updated_at": "2014-09-10T12:58:36.219Z", "test_image": "test_images/default.png", "test_date": null}}, {"model": "space.association", "pk": 1, "fields": {"name": "Asociaci\u00f3n 1", "logo": "associations/default.png", "type_a": "PRIVATE", "is_active": true, "is_actived": false, "created_at": "2016-03-29T21:23:47.670Z", "updated_at": "2016-03-29T21:23:47.670Z", "solution": 1}}, {"model": "space.association", "pk": 2, "fields": {"name": "CLIVET", "logo": "associations/default.png", "type_a": "PRIVATE", "is_active": true, "is_actived": false, "created_at": "2016-09-26T03:22:21.661Z", "updated_at": "2016-09-26T03:22:21.662Z", "solution": 1}}, {"model": "space.enterprise", "pk": 1, "fields": {"name": "Empresa 1", "logo": "enterprises/default.png", "tax_id": "1", "type_e": "PRIVATE", "is_active": true, "is_actived": false, "created_at": "2016-03-29T21:23:47.674Z", "updated_at": "2016-03-29T21:55:24.826Z", "solution": 1}}, {"model": "space.enterprise", "pk": 2, "fields": {"name": "CLIVET", "logo": "enterprises/default.png", "tax_id": "CLIVET", "type_e": "PRIVATE", "is_active": true, "is_actived": false, "created_at": "2016-09-26T03:22:21.667Z", "updated_at": "2016-09-26T03:22:21.706Z", "solution": 1}}, {"model": "space.headquar", "pk": 1, "fields": {"name": "Principal", "phone": null, "address": null, "is_main": false, "is_active": true, "is_actived": false, "created_at": "2016-03-29T21:23:47.677Z", "updated_at": "2016-03-29T21:23:47.677Z", "association": 1, "enterprise": 1}}, {"model": "space.headquar", "pk": 2, "fields": {"name": "Principal", "phone": null, "address": null, "is_main": false, "is_active": true, "is_actived": false, "created_at": "2016-09-26T03:22:21.670Z", "updated_at": "2016-09-26T03:22:21.670Z", "association": 2, "enterprise": 2}}, {"model": "auth.permission", "pk": 1, "fields": {"name": "Can ALL user", "content_type": 8, "codename": "user"}}, {"model": "auth.permission", "pk": 2, "fields": {"name": "Can ALL solution", "content_type": 11, "codename": "solution"}}, {"model": "auth.permission", "pk": 3, "fields": {"name": "Can ALL association", "content_type": 12, "codename": "association"}}, {"model": "auth.permission", "pk": 4, "fields": {"name": "Can ALL enterprise", "content_type": 13, "codename": "enterprise"}}, {"model": "auth.permission", "pk": 5, "fields": {"name": "Can ALL headquar(sedes)", "content_type": 14, "codename": "headquar"}}, {"model": "auth.permission", "pk": 6, "fields": {"name": "Can ALL access", "content_type": 15, "codename": "access"}}, {"model": "auth.permission", "pk": 7, "fields": {"name": "Can ALL module", "content_type": 16, "codename": "module"}}, {"model": "auth.permission", "pk": 8, "fields": {"name": "Can ALL menu", "content_type": 17, "codename": "menu"}}, {"model": "auth.permission", "pk": 9, "fields": {"name": "Can ALL ticket", "content_type": 21, "codename": "ticket"}}, {"model": "auth.permission", "pk": 10, "fields": {"name": "Can ALL backup", "content_type": 22, "codename": "backup"}}, {"model": "auth.permission", "pk": 55, "fields": {"name": "Can view mod_backend/dashboard", "content_type": 55, "codename": "dashboard"}}, {"model": "auth.permission", "pk": 56, "fields": {"name": "Cand edit accounts/profile", "content_type": 56, "codename": "profile"}}, {"model": "auth.permission", "pk": 100, "fields": {"name": "tempa of tempapp", "content_type": 100, "codename": "tempc_tempa"}}, {"model": "auth.permission", "pk": 153, "fields": {"name": "Can add log entry", "content_type": 1, "codename": "add_logentry"}}, {"model": "auth.permission", "pk": 154, "fields": {"name": "Can change log entry", "content_type": 1, "codename": "change_logentry"}}, {"model": "auth.permission", "pk": 155, "fields": {"name": "Can delete log entry", "content_type": 1, "codename": "delete_logentry"}}, {"model": "auth.permission", "pk": 156, "fields": {"name": "Can add permission", "content_type": 2, "codename": "add_permission"}}, {"model": "auth.permission", "pk": 157, "fields": {"name": "Can change permission", "content_type": 2, "codename": "change_permission"}}, {"model": "auth.permission", "pk": 158, "fields": {"name": "Can delete permission", "content_type": 2, "codename": "delete_permission"}}, {"model": "auth.permission", "pk": 159, "fields": {"name": "Can add group", "content_type": 3, "codename": "add_group"}}, {"model": "auth.permission", "pk": 160, "fields": {"name": "Can change group", "content_type": 3, "codename": "change_group"}}, {"model": "auth.permission", "pk": 161, "fields": {"name": "Can delete group", "content_type": 3, "codename": "delete_group"}}, {"model": "auth.permission", "pk": 162, "fields": {"name": "Can add content type", "content_type": 4, "codename": "add_contenttype"}}, {"model": "auth.permission", "pk": 163, "fields": {"name": "Can change content type", "content_type": 4, "codename": "change_contenttype"}}, {"model": "auth.permission", "pk": 164, "fields": {"name": "Can delete content type", "content_type": 4, "codename": "delete_contenttype"}}, {"model": "auth.permission", "pk": 165, "fields": {"name": "Can add session", "content_type": 5, "codename": "add_session"}}, {"model": "auth.permission", "pk": 166, "fields": {"name": "Can change session", "content_type": 5, "codename": "change_session"}}, {"model": "auth.permission", "pk": 167, "fields": {"name": "Can delete session", "content_type": 5, "codename": "delete_session"}}, {"model": "auth.permission", "pk": 168, "fields": {"name": "Can add site", "content_type": 6, "codename": "add_site"}}, {"model": "auth.permission", "pk": 169, "fields": {"name": "Can change site", "content_type": 6, "codename": "change_site"}}, {"model": "auth.permission", "pk": 170, "fields": {"name": "Can delete site", "content_type": 6, "codename": "delete_site"}}, {"model": "auth.permission", "pk": 171, "fields": {"name": "Can add flat page", "content_type": 23, "codename": "add_flatpage"}}, {"model": "auth.permission", "pk": 172, "fields": {"name": "Can change flat page", "content_type": 23, "codename": "change_flatpage"}}, {"model": "auth.permission", "pk": 173, "fields": {"name": "Can delete flat page", "content_type": 23, "codename": "delete_flatpage"}}, {"model": "auth.permission", "pk": 174, "fields": {"name": "Can add Person", "content_type": 9, "codename": "add_person"}}, {"model": "auth.permission", "pk": 175, "fields": {"name": "Can change Person", "content_type": 9, "codename": "change_person"}}, {"model": "auth.permission", "pk": 176, "fields": {"name": "Can delete Person", "content_type": 9, "codename": "delete_person"}}, {"model": "auth.permission", "pk": 177, "fields": {"name": "Can add Solution", "content_type": 11, "codename": "add_solution"}}, {"model": "auth.permission", "pk": 178, "fields": {"name": "Can change Solution", "content_type": 11, "codename": "change_solution"}}, {"model": "auth.permission", "pk": 179, "fields": {"name": "Can delete Solution", "content_type": 11, "codename": "delete_solution"}}, {"model": "auth.permission", "pk": 180, "fields": {"name": "Can add Association", "content_type": 12, "codename": "add_association"}}, {"model": "auth.permission", "pk": 181, "fields": {"name": "Can change Association", "content_type": 12, "codename": "change_association"}}, {"model": "auth.permission", "pk": 182, "fields": {"name": "Can delete Association", "content_type": 12, "codename": "delete_association"}}, {"model": "auth.permission", "pk": 183, "fields": {"name": "Can add Enterprise", "content_type": 13, "codename": "add_enterprise"}}, {"model": "auth.permission", "pk": 184, "fields": {"name": "Can change Enterprise", "content_type": 13, "codename": "change_enterprise"}}, {"model": "auth.permission", "pk": 185, "fields": {"name": "Can delete Enterprise", "content_type": 13, "codename": "delete_enterprise"}}, {"model": "auth.permission", "pk": 186, "fields": {"name": "Can add Headquar", "content_type": 14, "codename": "add_headquar"}}, {"model": "auth.permission", "pk": 187, "fields": {"name": "Can change Headquar", "content_type": 14, "codename": "change_headquar"}}, {"model": "auth.permission", "pk": 188, "fields": {"name": "Can delete Headquar", "content_type": 14, "codename": "delete_headquar"}}, {"model": "auth.permission", "pk": 189, "fields": {"name": "Can add User", "content_type": 8, "codename": "add_user"}}, {"model": "auth.permission", "pk": 190, "fields": {"name": "Can change User", "content_type": 8, "codename": "change_user"}}, {"model": "auth.permission", "pk": 191, "fields": {"name": "Can delete User", "content_type": 8, "codename": "delete_user"}}, {"model": "auth.permission", "pk": 192, "fields": {"name": "Can add User status", "content_type": 101, "codename": "add_userstatus"}}, {"model": "auth.permission", "pk": 193, "fields": {"name": "Can change User status", "content_type": 101, "codename": "change_userstatus"}}, {"model": "auth.permission", "pk": 194, "fields": {"name": "Can delete User status", "content_type": 101, "codename": "delete_userstatus"}}, {"model": "auth.permission", "pk": 195, "fields": {"name": "Can add Access", "content_type": 15, "codename": "add_access"}}, {"model": "auth.permission", "pk": 196, "fields": {"name": "Can change Access", "content_type": 15, "codename": "change_access"}}, {"model": "auth.permission", "pk": 197, "fields": {"name": "Can delete Access", "content_type": 15, "codename": "delete_access"}}, {"model": "auth.permission", "pk": 198, "fields": {"name": "Can add Module", "content_type": 16, "codename": "add_module"}}, {"model": "auth.permission", "pk": 199, "fields": {"name": "Can change Module", "content_type": 16, "codename": "change_module"}}, {"model": "auth.permission", "pk": 200, "fields": {"name": "Can delete Module", "content_type": 16, "codename": "delete_module"}}, {"model": "auth.permission", "pk": 201, "fields": {"name": "Can add Menu", "content_type": 17, "codename": "add_menu"}}, {"model": "auth.permission", "pk": 202, "fields": {"name": "Can change Menu", "content_type": 17, "codename": "change_menu"}}, {"model": "auth.permission", "pk": 203, "fields": {"name": "Can delete Menu", "content_type": 17, "codename": "delete_menu"}}, {"model": "auth.permission", "pk": 204, "fields": {"name": "Can add User enterprise", "content_type": 18, "codename": "add_userenterprise"}}, {"model": "auth.permission", "pk": 205, "fields": {"name": "Can change User enterprise", "content_type": 18, "codename": "change_userenterprise"}}, {"model": "auth.permission", "pk": 206, "fields": {"name": "Can delete User enterprise", "content_type": 18, "codename": "delete_userenterprise"}}, {"model": "auth.permission", "pk": 207, "fields": {"name": "Can add User headquar", "content_type": 19, "codename": "add_userheadquar"}}, {"model": "auth.permission", "pk": 208, "fields": {"name": "Can change User headquar", "content_type": 19, "codename": "change_userheadquar"}}, {"model": "auth.permission", "pk": 209, "fields": {"name": "Can delete User headquar", "content_type": 19, "codename": "delete_userheadquar"}}, {"model": "auth.permission", "pk": 210, "fields": {"name": "Can add User association", "content_type": 20, "codename": "add_userassociation"}}, {"model": "auth.permission", "pk": 211, "fields": {"name": "Can change User association", "content_type": 20, "codename": "change_userassociation"}}, {"model": "auth.permission", "pk": 212, "fields": {"name": "Can delete User association", "content_type": 20, "codename": "delete_userassociation"}}, {"model": "auth.permission", "pk": 213, "fields": {"name": "Can add Ticket", "content_type": 21, "codename": "add_ticket"}}, {"model": "auth.permission", "pk": 214, "fields": {"name": "Can change Ticket", "content_type": 21, "codename": "change_ticket"}}, {"model": "auth.permission", "pk": 215, "fields": {"name": "Can delete Ticket", "content_type": 21, "codename": "delete_ticket"}}, {"model": "auth.permission", "pk": 216, "fields": {"name": "Can add Backup", "content_type": 22, "codename": "add_backup"}}, {"model": "auth.permission", "pk": 217, "fields": {"name": "Can change Backup", "content_type": 22, "codename": "change_backup"}}, {"model": "auth.permission", "pk": 218, "fields": {"name": "Can delete Backup", "content_type": 22, "codename": "delete_backup"}}, {"model": "auth.permission", "pk": 219, "fields": {"name": "clivet", "content_type": 2, "codename": "2016"}}, {"model": "auth.group", "pk": 1, "fields": {"name": "MASTER", "permissions": [56, 55, 6, 10, 8, 7, 9, 1, 3, 4, 5, 2]}}, {"model": "auth.group", "pk": 10, "fields": {"name": "CATASTRO", "permissions": [56]}}, {"model": "auth.group", "pk": 11, "fields": {"name": "GERENTE VENTAS", "permissions": []}}, {"model": "auth.group", "pk": 12, "fields": {"name": "VENDEDOR", "permissions": []}}, {"model": "auth.group", "pk": 13, "fields": {"name": "RRHH", "permissions": []}}, {"model": "sad.user", "pk": 1, "fields": {"password": "pbkdf2_sha256$24000$tDeQbJFPKOvF$06U7NCj32addEL7Z2d1xvU9H2J1Q/o0oEB1fyaIyJlE=", "last_login": "2016-09-30T17:03:58.223Z", "is_superuser": true, "username": "admin", "first_name": "", "last_name": "", "email": "", "is_staff": true, "is_active": true, "date_joined": "2014-09-25T11:03:03.450Z", "last_headquar_id": "2", "last_module_id": "1", "person": null, "groups": [1, 11], "user_permissions": []}}, {"model": "sad.user", "pk": 2, "fields": {"password": "pbkdf2_sha256$24000$dev12ed6Wmnh$SJGa6FGlDvhXqhEuLB1IFfPG/wwpgzTjUVOxcIRgoAo=", "last_login": "2016-09-30T06:32:30.227Z", "is_superuser": false, "username": "rusbelyc", "first_name": "Rusbel Neftali", "last_name": "Ccana Yucra", "email": "rusbel.ccana@gmail.com", "is_staff": false, "is_active": true, "date_joined": "2016-09-30T05:03:21.289Z", "last_headquar_id": "2", "last_module_id": "10", "person": 1, "groups": [11], "user_permissions": []}}, {"model": "sad.userstatus", "pk": 1, "fields": {"status": "ON", "description": "Alta", "user": 1, "created_at": "2014-09-16T01:18:48.406Z", "updated_at": "2014-09-16T01:18:48.406Z"}}, {"model": "sad.userstatus", "pk": 2, "fields": {"status": "ON", "description": "Alta", "user": 1, "created_at": "2016-03-29T21:20:34.492Z", "updated_at": "2016-03-29T21:20:34.492Z"}}, {"model": "sad.userstatus", "pk": 3, "fields": {"status": "ON", "description": "Alta", "user": 2, "created_at": "2016-09-30T05:03:21.332Z", "updated_at": "2016-09-30T05:03:21.332Z"}}, {"model": "sad.module", "pk": 1, "fields": {"module": "BACKEND", "name": "Backend", "is_active": true, "icon": null, "description": "", "created_at": "2013-10-31T04:51:34Z", "updated_at": "2014-09-19T11:56:35.733Z", "solutions": [1], "groups": [1, 10], "initial_groups": [1]}}, {"model": "sad.module", "pk": 10, "fields": {"module": "VENTAS", "name": "VENTAS", "is_active": true, "icon": null, "description": "", "created_at": "2013-10-31T04:52:14Z", "updated_at": "2016-09-30T03:17:32.240Z", "solutions": [1, 2], "groups": [11, 12, 1, 10, 13], "initial_groups": [11, 10, 12, 13]}}, {"model": "sad.menu", "pk": 3, "fields": {"module": "BACKEND", "title": "System", "url": "#", "pos": 700, "icon": "fa fa-cogs", "is_active": true, "description": null, "created_at": "2014-09-08T11:16:49.783Z", "updated_at": "2014-09-09T20:09:33.607Z", "permission": null, "parent": null}}, {"model": "sad.menu", "pk": 4, "fields": {"module": "BACKEND", "title": "Menus", "url": "sad/menu/index/", "pos": 707, "icon": "fa fa-align-justify", "is_active": true, "description": null, "created_at": "2014-09-09T20:09:24.076Z", "updated_at": "2014-09-09T20:09:24.086Z", "permission": 8, "parent": 3}}, {"model": "sad.menu", "pk": 8, "fields": {"module": "BACKEND", "title": "Solutions", "url": "space/solution/index/", "pos": 704, "icon": "fa fa-wrench", "is_active": true, "description": null, "created_at": "2014-09-10T11:11:37.798Z", "updated_at": "2014-09-10T11:20:59.630Z", "permission": 2, "parent": 3}}, {"model": "sad.menu", "pk": 9, "fields": {"module": "BACKEND", "title": "Modules", "url": "sad/module/index", "pos": 705, "icon": "fa fa-cubes", "is_active": true, "description": null, "created_at": "2014-09-10T11:19:00.946Z", "updated_at": "2014-09-10T11:21:12.751Z", "permission": 7, "parent": 3}}, {"model": "sad.menu", "pk": 11, "fields": {"module": "BACKEND", "title": "Dashboard", "url": "#", "pos": 100, "icon": "fa fa-home", "is_active": true, "description": null, "created_at": "2014-09-10T11:22:34.792Z", "updated_at": "2016-09-26T03:26:12.538Z", "permission": null, "parent": null}}, {"model": "sad.menu", "pk": 12, "fields": {"module": "BACKEND", "title": "Dashboard", "url": "mod_backend/dashboard/", "pos": 101, "icon": "fa fa-home", "is_active": true, "description": null, "created_at": "2014-09-10T11:23:26.226Z", "updated_at": "2016-09-26T03:25:18.251Z", "permission": 55, "parent": 11}}, {"model": "sad.menu", "pk": 13, "fields": {"module": "BACKEND", "title": "account", "url": "#", "pos": 601, "icon": "fa fa-user", "is_active": true, "description": null, "created_at": "2014-09-10T11:28:51.622Z", "updated_at": "2016-09-26T03:25:20.154Z", "permission": null, "parent": null}}, {"model": "sad.menu", "pk": 14, "fields": {"module": "BACKEND", "title": "Association", "url": "space/association/edit_current/", "pos": 601, "icon": "fa fa-slideshare", "is_active": true, "description": null, "created_at": "2014-09-10T11:29:42.782Z", "updated_at": "2014-09-10T11:47:39.559Z", "permission": 3, "parent": 13}}, {"model": "sad.menu", "pk": 15, "fields": {"module": "BACKEND", "title": "Enterprises", "url": "space/enterprise/index/", "pos": 602, "icon": "fa fa-cloud", "is_active": true, "description": null, "created_at": "2014-09-10T11:37:19.209Z", "updated_at": "2014-09-10T11:45:25.786Z", "permission": 4, "parent": 13}}, {"model": "sad.menu", "pk": 16, "fields": {"module": "BACKEND", "title": "Enterprise", "url": "space/enterprise/edit_current/", "pos": 603, "icon": "fa fa-institution", "is_active": true, "description": null, "created_at": "2014-09-10T11:44:49.436Z", "updated_at": "2014-09-10T11:45:01.378Z", "permission": 4, "parent": 13}}, {"model": "sad.menu", "pk": 17, "fields": {"module": "BACKEND", "title": "Headquarters", "url": "space/headquar/index/", "pos": 604, "icon": "fa fa-sitemap", "is_active": true, "description": null, "created_at": "2014-09-10T11:59:59.931Z", "updated_at": "2014-09-10T11:59:59.979Z", "permission": 5, "parent": 13}}, {"model": "sad.menu", "pk": 18, "fields": {"module": "BACKEND", "title": "Users", "url": "sad/user/index/", "pos": 605, "icon": "fa fa-users", "is_active": true, "description": null, "created_at": "2014-09-10T12:00:43.304Z", "updated_at": "2014-09-10T12:02:10.919Z", "permission": 1, "parent": 13}}, {"model": "sad.menu", "pk": 19, "fields": {"module": "BACKEND", "title": "Logs", "url": "#", "pos": 800, "icon": "fa fa-eye", "is_active": true, "description": null, "created_at": "2014-09-10T12:08:31.401Z", "updated_at": "2016-09-26T03:26:04.844Z", "permission": null, "parent": null}}, {"model": "sad.menu", "pk": 20, "fields": {"module": "BACKEND", "title": "Access", "url": "sad/access/index/", "pos": 801, "icon": "fa fa-exchange", "is_active": true, "description": null, "created_at": "2014-09-10T12:10:01.898Z", "updated_at": "2014-09-19T11:57:05.870Z", "permission": 6, "parent": 19}}, {"model": "sad.menu", "pk": 23, "fields": {"module": "BACKEND", "title": "Backups", "url": "sad/backup/index/", "pos": 804, "icon": "fa fa-hdd", "is_active": true, "description": null, "created_at": "2014-09-10T12:22:45.470Z", "updated_at": "2014-09-10T12:22:45.482Z", "permission": 10, "parent": 19}}, {"model": "sad.menu", "pk": 26, "fields": {"module": "BACKEND", "title": "Params", "url": "#", "pos": 900, "icon": "fa fa-th-list", "is_active": true, "description": null, "created_at": "2014-09-10T12:25:00.982Z", "updated_at": "2014-09-10T12:25:12.014Z", "permission": null, "parent": null}}, {"model": "sad.menu", "pk": 100, "fields": {"module": "BACKEND", "title": "Next", "url": "#", "pos": 999, "icon": "fa fa-calendar", "is_active": true, "description": null, "created_at": "2014-09-10T12:26:14.454Z", "updated_at": "2014-09-10T12:26:15.043Z", "permission": null, "parent": null}}, {"model": "sad.menu", "pk": 101, "fields": {"module": "BACKEND", "title": "VENTAS", "url": "clivet/clivet/", "pos": 2, "icon": "fa fa-home", "is_active": true, "description": null, "created_at": "2016-09-26T03:26:38.823Z", "updated_at": "2016-09-30T05:11:38.871Z", "permission": 55, "parent": 13}}, {"model": "sad.userenterprise", "pk": 1, "fields": {"created_at": "2016-03-29T21:23:47.692Z", "updated_at": "2016-03-29T21:23:47.692Z", "user": 1, "group": 11, "enterprise": 1}}, {"model": "sad.userenterprise", "pk": 2, "fields": {"created_at": "2016-03-29T21:23:47.699Z", "updated_at": "2016-03-29T21:23:47.699Z", "user": 1, "group": 1, "enterprise": 1}}, {"model": "sad.userenterprise", "pk": 3, "fields": {"created_at": "2016-09-26T03:22:21.698Z", "updated_at": "2016-09-26T03:22:21.698Z", "user": 1, "group": 11, "enterprise": 2}}, {"model": "sad.userenterprise", "pk": 4, "fields": {"created_at": "2016-09-26T03:22:21.702Z", "updated_at": "2016-09-26T03:22:21.702Z", "user": 1, "group": 1, "enterprise": 2}}, {"model": "sad.userenterprise", "pk": 5, "fields": {"created_at": "2016-09-30T05:03:21.337Z", "updated_at": "2016-09-30T05:03:21.337Z", "user": 2, "group": 11, "enterprise": 2}}, {"model": "sad.userheadquar", "pk": 1, "fields": {"created_at": "2016-03-29T21:23:47.693Z", "updated_at": "2016-03-29T21:23:47.693Z", "user": 1, "group": 11, "headquar": 1}}, {"model": "sad.userheadquar", "pk": 2, "fields": {"created_at": "2016-03-29T21:23:47.700Z", "updated_at": "2016-03-29T21:23:47.700Z", "user": 1, "group": 1, "headquar": 1}}, {"model": "sad.userheadquar", "pk": 3, "fields": {"created_at": "2016-09-26T03:22:21.699Z", "updated_at": "2016-09-26T03:22:21.699Z", "user": 1, "group": 11, "headquar": 2}}, {"model": "sad.userheadquar", "pk": 4, "fields": {"created_at": "2016-09-26T03:22:21.702Z", "updated_at": "2016-09-26T03:22:21.703Z", "user": 1, "group": 1, "headquar": 2}}, {"model": "sad.userheadquar", "pk": 5, "fields": {"created_at": "2016-09-30T05:03:21.334Z", "updated_at": "2016-09-30T05:03:21.334Z", "user": 2, "group": 11, "headquar": 2}}, {"model": "sad.userassociation", "pk": 1, "fields": {"created_at": "2016-03-29T21:23:47.691Z", "updated_at": "2016-03-29T21:23:47.691Z", "user": 1, "group": 11, "association": 1}}, {"model": "sad.userassociation", "pk": 2, "fields": {"created_at": "2016-03-29T21:23:47.698Z", "updated_at": "2016-03-29T21:23:47.698Z", "user": 1, "group": 1, "association": 1}}, {"model": "sad.userassociation", "pk": 3, "fields": {"created_at": "2016-09-26T03:22:21.683Z", "updated_at": "2016-09-26T03:22:21.683Z", "user": 1, "group": 11, "association": 2}}, {"model": "sad.userassociation", "pk": 4, "fields": {"created_at": "2016-09-26T03:22:21.701Z", "updated_at": "2016-09-26T03:22:21.701Z", "user": 1, "group": 1, "association": 2}}, {"model": "sad.userassociation", "pk": 5, "fields": {"created_at": "2016-09-30T05:03:21.340Z", "updated_at": "2016-09-30T05:03:21.340Z", "user": 2, "group": 11, "association": 2}}, {"model": "sad.ticket", "pk": 1, "fields": {"text": "san", "row": 1, "user": 1}}, {"model": "admin.logentry", "pk": 1, "fields": {"action_time": "2016-09-30T03:52:13.316Z", "user": 1, "content_type": 2, "object_id": "219", "object_repr": "auth | permiso | clivet", "action_flag": 1, "change_message": "A\u00f1adido."}}, {"model": "admin.logentry", "pk": 2, "fields": {"action_time": "2016-09-30T04:53:51.144Z", "user": 1, "content_type": 9, "object_id": "1", "object_repr": "Rusbel Neftali Ccana Yucra 76456716", "action_flag": 1, "change_message": "A\u00f1adido."}}]